{"cameraMode":{"drawMode":0,"name":"Shaded","section":"Shading Mode"},"sceneLighting":false,"audioPlay":false,"sceneViewState":{"m_AlwaysRefresh":false,"showFog":true,"showSkybox":false,"showFlares":true,"showImageEffects":true,"showParticleSystems":true,"showVisualEffectGraphs":true,"m_FxEnabled":true},"in2DMode":false,"pivot":{"x":1.1920928955078126e-7,"y":2.450000047683716,"z":-2.384185791015625e-7},"rotation":{"x":0.011685074307024479,"y":-0.02939646877348423,"z":-0.0003436091938056052,"w":-0.9995019435882568},"size":1.7320541143417359,"orthographic":false}