{"cameraMode":{"drawMode":0,"name":"Shaded","section":"Shading Mode"},"sceneLighting":false,"audioPlay":false,"sceneViewState":{"m_AlwaysRefresh":false,"showFog":true,"showSkybox":true,"showFlares":true,"showImageEffects":true,"showParticleSystems":true,"showVisualEffectGraphs":true,"m_FxEnabled":true},"in2DMode":false,"pivot":{"x":-3.6736671924591066,"y":-4.6046953201293949,"z":41.203678131103519},"rotation":{"x":-0.0912993922829628,"y":0.04328830912709236,"z":-0.0039624557830393318,"w":-0.9949169754981995},"size":27.43828010559082,"orthographic":false}