{"cameraMode":{"drawMode":0,"name":"Shaded","section":"Shading Mode"},"sceneLighting":false,"audioPlay":false,"sceneViewState":{"m_AlwaysRefresh":false,"showFog":true,"showSkybox":true,"showFlares":true,"showImageEffects":true,"showParticleSystems":true,"showVisualEffectGraphs":true,"m_FxEnabled":true},"in2DMode":false,"pivot":{"x":-0.039420656859874728,"y":8.21159839630127,"z":-6.2339043617248539},"rotation":{"x":-0.22161898016929627,"y":0.01900256983935833,"z":-0.0042860000394284729,"w":-0.9749723672866821},"size":6.832055568695068,"orthographic":false}