{"cameraMode":{"drawMode":0,"name":"Shaded","section":"Shading Mode"},"sceneLighting":false,"audioPlay":false,"sceneViewState":{"m_AlwaysRefresh":false,"showFog":true,"showSkybox":true,"showFlares":true,"showImageEffects":true,"showParticleSystems":true,"showVisualEffectGraphs":true,"m_FxEnabled":true},"in2DMode":false,"pivot":{"x":529.278564453125,"y":1059.78759765625,"z":157.40652465820313},"rotation":{"x":0.004490223713219166,"y":0.008980431593954564,"z":0.00007315420953091234,"w":-0.9999821186065674},"size":830.4832763671875,"orthographic":false}