{"cameraMode":{"drawMode":0,"name":"Shaded","section":"Shading Mode"},"sceneLighting":false,"audioPlay":false,"sceneViewState":{"m_AlwaysRefresh":false,"showFog":true,"showSkybox":true,"showFlares":true,"showImageEffects":true,"showParticleSystems":true,"showVisualEffectGraphs":true,"m_FxEnabled":true},"in2DMode":false,"pivot":{"x":-0.1099998950958252,"y":1.7548779249191285,"z":-7.094866752624512},"rotation":{"x":-0.14648538827896119,"y":-0.000014539529729518108,"z":0.000035038727219216526,"w":-0.9892458915710449},"size":6.779403209686279,"orthographic":false}