{"cameraMode":{"drawMode":0,"name":"Shaded","section":"Shading Mode"},"sceneLighting":false,"audioPlay":false,"sceneViewState":{"m_AlwaysRefresh":false,"showFog":true,"showSkybox":true,"showFlares":true,"showImageEffects":true,"showParticleSystems":true,"showVisualEffectGraphs":true,"m_FxEnabled":true},"in2DMode":false,"pivot":{"x":4.090000152587891,"y":2.570000171661377,"z":-8.170000076293946},"rotation":{"x":-0.14648538827896119,"y":-0.000014539529729518108,"z":0.000035038727219216526,"w":-0.9892458915710449},"size":1.7320538759231568,"orthographic":false}