{"cameraMode":{"drawMode":0,"name":"Shaded","section":"Shading Mode"},"sceneLighting":false,"audioPlay":false,"sceneViewState":{"m_AlwaysRefresh":false,"showFog":true,"showSkybox":true,"showFlares":true,"showImageEffects":true,"showParticleSystems":true,"showVisualEffectGraphs":true,"m_FxEnabled":true},"in2DMode":false,"pivot":{"x":0.9211621284484863,"y":4.421698093414307,"z":16.930086135864259},"rotation":{"x":0.011685074307024479,"y":-0.02939646877348423,"z":-0.0003436091938056052,"w":-0.9995019435882568},"size":11.866400718688965,"orthographic":false}