{"cameraMode":{"drawMode":0,"name":"Shaded","section":"Shading Mode"},"sceneLighting":false,"audioPlay":false,"sceneViewState":{"m_AlwaysRefresh":false,"showFog":true,"showSkybox":true,"showFlares":true,"showImageEffects":true,"showParticleSystems":true,"showVisualEffectGraphs":true,"m_FxEnabled":true},"in2DMode":false,"pivot":{"x":6.800999164581299,"y":-0.40889763832092287,"z":0.6145915985107422},"rotation":{"x":0.13971967995166779,"y":-0.8599777221679688,"z":0.35834163427352908,"w":0.3354233503341675},"size":4.915606498718262,"orthographic":false}