{"cameraMode":{"drawMode":0,"name":"Shaded","section":"Shading Mode"},"sceneLighting":false,"audioPlay":false,"sceneViewState":{"m_AlwaysRefresh":false,"showFog":true,"showSkybox":true,"showFlares":true,"showImageEffects":true,"showParticleSystems":true,"showVisualEffectGraphs":true,"m_FxEnabled":true},"in2DMode":false,"pivot":{"x":1.1870218515396119,"y":-0.33444786071777346,"z":7.964827060699463},"rotation":{"x":-0.45802873373031618,"y":-0.1311490535736084,"z":0.06853227317333222,"w":-0.8765577673912048},"size":6.219067573547363,"orthographic":false}