{"cameraMode":{"drawMode":0,"name":"Shaded","section":"Shading Mode"},"sceneLighting":false,"audioPlay":false,"sceneViewState":{"m_AlwaysRefresh":false,"showFog":true,"showSkybox":true,"showFlares":true,"showImageEffects":true,"showParticleSystems":true,"showVisualEffectGraphs":true,"m_FxEnabled":true},"in2DMode":false,"pivot":{"x":-0.8406257629394531,"y":1.2748968601226807,"z":-13.286805152893067},"rotation":{"x":-0.054490722715854648,"y":0.9442435503005981,"z":-0.20304660499095918,"w":-0.25341367721557619},"size":14.116067886352539,"orthographic":false}