{"cameraMode":{"drawMode":0,"name":"Shaded","section":"Shading Mode"},"sceneLighting":false,"audioPlay":false,"sceneViewState":{"m_AlwaysRefresh":false,"showFog":true,"showSkybox":true,"showFlares":true,"showImageEffects":true,"showParticleSystems":true,"showVisualEffectGraphs":true,"m_FxEnabled":true},"in2DMode":false,"pivot":{"x":548.3230590820313,"y":979.3643798828125,"z":156.29461669921876},"rotation":{"x":0.0014908792218193412,"y":-0.010519694536924363,"z":0.000017150885469163768,"w":-0.9999762177467346},"size":877.2028198242188,"orthographic":false}