{"cameraMode":{"drawMode":0,"name":"Shaded","section":"Shading Mode"},"sceneLighting":false,"audioPlay":false,"sceneViewState":{"m_AlwaysRefresh":false,"showFog":true,"showSkybox":true,"showFlares":true,"showImageEffects":true,"showParticleSystems":true,"showVisualEffectGraphs":true,"m_FxEnabled":true},"in2DMode":false,"pivot":{"x":15.151482582092286,"y":8.969217300415039,"z":48.46226501464844},"rotation":{"x":-0.4308825731277466,"y":-0.01354283094406128,"z":0.006493788678199053,"w":-0.9023175835609436},"size":35.199859619140628,"orthographic":false}