{"cameraMode":{"drawMode":0,"name":"Shaded","section":"Shading Mode"},"sceneLighting":false,"audioPlay":false,"sceneViewState":{"m_AlwaysRefresh":false,"showFog":true,"showSkybox":false,"showFlares":true,"showImageEffects":true,"showParticleSystems":true,"showVisualEffectGraphs":true,"m_FxEnabled":true},"in2DMode":false,"pivot":{"x":1.5913023948669434,"y":4.473044395446777,"z":-0.6876554489135742},"rotation":{"x":-0.20432358980178834,"y":-0.018502522259950639,"z":0.0038629560731351377,"w":-0.9787237048149109},"size":4.553985118865967,"orthographic":false}